section	page	title
Get started	Quick-Start.md	Quick Start
Get started	Using-Haven-42.md	Using Haven 42
Get started	Troubleshooting.md	Troubleshooting
Use Haven 42	Local-Model-Selection.md	Choose a Model
Use Haven 42	Local-Image-Provider-Onboarding.md	Set Up Local Images
Use Haven 42	Privacy-Policy.md	Privacy
Use Haven 42	Provider-Endpoint-Security.md	Connection Security
Advanced	Advanced-Topics.md	Advanced Topics
Advanced	VS-Code-Continue-Setup.md	VS Code and Continue
Project	Project-Information.md	Project Information
Project	Roadmap.md	Roadmap
Project	Evidence-Dashboard.md	Evidence Dashboard
Contributors	Documentation-Index.md	Documentation Index
Contributors	Wiki-Maintenance.md	Wiki Maintenance
